company_ko,company_en,category,country,exchange,input_ticker,yahoo_symbol,currency,as_of_utc,price,previous_close,change,change_percent,day_high,day_low,volume,market_time,shares_outstanding,market_cap_local,market_cap_krw,krw_rate,source,data_status,error
알파벳,Alphabet (Google),플랫폼사,미국,NASDAQ,NASDAQ:GOOG,GOOG,USD,2026-10-01T02:08:57Z,340.74,337.32,3.420000000000016,1.0138740661686185,349.055,337.72,23576591.0,2026-09-30T20:00:01Z,12202573129.0,4157904767975.46,6070540961244172.0,1460.0,Yahoo Finance chart + yfinance shares cache,ok,
마이크로소프트,Microsoft,플랫폼사,미국,NASDAQ,NASDAQ:MSFT,MSFT,USD,2026-10-01T02:08:57Z,512.9,508.96,3.9399999999999977,0.7741276328198765,519.83,510.33,27014238.0,2026-09-30T20:00:01Z,7428434704.0,3810044159681.5996,5562664473135135.0,1460.0,Yahoo Finance chart + yfinance shares cache,ok,
로블록스,Roblox,게임사,미국,NYSE,NYSE:RBLX,RBLX,USD,2026-10-01T02:08:57Z,42.37,41.18,1.1899999999999977,2.8897523069451037,42.865,40.75,15724866.0,2026-09-30T20:03:43Z,715978745.0,30336019425.649998,44290588361449.0,1460.0,Yahoo Finance chart + yfinance shares cache,ok,
일렉트로닉 아츠,Electronic Arts (EA),게임사,미국,NASDAQ,NASDAQ:EA,EA,USD,2026-10-01T02:08:57Z,209.7,0.0,,,209.98,209.7,48430629.0,2026-08-04T20:00:00Z,250751484.0,52582586194.799995,76770575844408.0,1460.0,Yahoo Finance chart + yfinance shares cache,ok,
닌텐도,Nintendo,게임사,일본,TYO,7974:TYO,7974.T,JPY,2026-10-01T02:08:57Z,7898.0,7944.0,-46.0,-0.5790533736153125,7950.0,7808.0,2673800.0,2026-10-01T01:53:55Z,1152828913.0,9105042754874.0,81945384793866.0,9.0,Yahoo Finance chart + yfinance shares cache,ok,
넥슨,Nexon,게임사,일본,TYO,3659:TYO,3659.T,JPY,2026-10-01T02:08:57Z,2650.0,2633.0,17.0,0.645651348271925,2653.5,2588.5,1295500.0,2026-10-01T01:53:52Z,790581908.0,2095042056200.0,18855378505800.0,9.0,Yahoo Finance chart + yfinance shares cache,ok,
캡콤,Capcom,게임사,일본,TYO,9697:TYO,9697.T,JPY,2026-10-01T02:08:57Z,4399.0,4340.0,59.0,1.3594470046083051,4413.0,4260.0,1180200.0,2026-10-01T01:53:46Z,418308843.0,1840140600357.0,16561265403213.0,9.0,Yahoo Finance chart + yfinance shares cache,ok,
감마니아,Gamania,게임사,대만,TPE,6180:TPE,6180.TWO,TWD,2026-10-01T02:08:57Z,41.8,41.4,0.3999999999999986,0.9661835748792313,42.05,41.25,180388.0,2026-10-01T01:48:54Z,177954000.0,7438477199.999999,334731473999.99994,45.0,Yahoo Finance chart + yfinance shares cache,ok,
반다이남코,Bandai Namco,게임사,일본,TYO,7832:TYO,7832.T,JPY,2026-10-01T02:08:57Z,5733.0,5719.0,14.0,0.244798041615657,5756.0,5614.0,567100.0,2026-10-01T01:53:55Z,641365963.0,3676951065879.0,33092559592911.0,9.0,Yahoo Finance chart + yfinance shares cache,ok,
스퀘어에닉스,Square Enix,게임사,일본,TYO,9684:TYO,9684.T,JPY,2026-10-01T02:08:57Z,2877.0,2900.5,-23.5,-0.8102051370453389,2899.0,2873.5,222900.0,2026-10-01T01:53:51Z,360618837.0,1037500394049.0,9337503546441.0,9.0,Yahoo Finance chart + yfinance shares cache,ok,
세가,Sega Sammy,게임사,일본,TYO,6460:TYO,6460.T,JPY,2026-10-01T02:08:57Z,3326.0,3327.0,-1.0,-0.030057108506165164,3330.0,3267.0,289400.0,2026-10-01T01:53:48Z,202742514.0,674321601564.0,6068894414076.0,9.0,Yahoo Finance chart + yfinance shares cache,ok,
소니,Sony,게임사,일본,TYO,6758:TYO,6758.T,JPY,2026-10-01T02:08:57Z,3766.0,3759.0,7.0,0.18621973929235924,3784.0,3728.0,4055500.0,2026-10-01T01:54:00Z,5889866554.0,22181237442364.0,199631136981276.0,9.0,Yahoo Finance chart + yfinance shares cache,ok,
애스피어,Asphere,게임사,태국,BKK,BKK:AS,AS.BK,THB,2026-10-01T02:08:57Z,2.2,2.22,-0.020000000000000018,-0.9009009009009028,2.24,2.2,311901.0,2026-09-30T09:36:22Z,499246766.0,1098342885.2,49425429834.0,45.0,Yahoo Finance chart + yfinance shares cache,ok,
라스타,Rastar Group,게임사,중국,SHE,SHE:300043,300043.SZ,CNY,2026-10-01T02:08:57Z,4.26,4.32,-0.0600000000000005,-1.388888888888895,4.34,4.26,14016400.0,2026-09-30T07:04:43Z,1244198401.0,5300285188.259999,1060057037651.9999,200.0,Yahoo Finance chart + yfinance shares cache,ok,
킹넷,Kingnet Network,게임사,중국,SHE,SHE:002517,002517.SZ,CNY,2026-10-01T02:08:57Z,16.01,15.87,0.14000000000000234,0.882167611846274,16.09,15.82,18750988.0,2026-09-30T07:04:36Z,2136443234.0,34204456176.340004,6840891235268.001,200.0,Yahoo Finance chart + yfinance shares cache,ok,
애플,Apple,플랫폼사,미국,NASDAQ,NASDAQ:AAPL,AAPL,USD,2026-10-01T02:08:57Z,333.02,329.4,3.6200000000000045,1.0989678202792952,339.5,330.14,49875295.0,2026-09-30T20:00:01Z,14687356000.0,4891183295120.0,7141127610875200.0,1460.0,Yahoo Finance chart + yfinance shares cache,ok,
세기화통,Century Huatong,게임사,중국,SHE,SHE:002602,002602.SZ,CNY,2026-10-01T02:08:57Z,13.8,13.88,-0.08000000000000007,-0.5763688760806907,14.07,13.78,44106175.0,2026-09-30T07:04:27Z,7370682322.0,101715416043.6,20343083208720.0,200.0,Yahoo Finance chart + yfinance shares cache,ok,
크래프톤,Krafton,게임사,한국,KRX,KRX:259960,259960.KS,KRW,2026-10-01T02:08:57Z,200000.0,194900.0,5100.0,2.616726526423796,203000.0,195500.0,36814.0,2026-10-01T01:48:50Z,45097144.0,9019428800000.0,9019428800000.0,1.0,Yahoo Finance chart + yfinance shares cache,ok,
카카오게임즈,Kakao Games,게임사,한국,KOSDAQ,KOSDAQ:293490,293490.KQ,KRW,2026-10-01T02:08:57Z,9910.0,9210.0,700.0,7.600434310532034,10010.0,9240.0,353527.0,2026-10-01T01:49:00Z,88932902.0,881325058820.0,881325058820.0,1.0,Yahoo Finance chart + yfinance shares cache,ok,
위메이드,Wemade,게임사,한국,KOSDAQ,KOSDAQ:112040,112040.KQ,KRW,2026-10-01T02:08:57Z,15640.0,14850.0,790.0,5.3198653198653245,15680.0,14930.0,91443.0,2026-10-01T01:48:58Z,33804081.0,528695826840.0,528695826840.0,1.0,Yahoo Finance chart + yfinance shares cache,ok,
넷마블,Netmarble,게임사,한국,KRX,KRX:251270,251270.KS,KRW,2026-10-01T02:08:57Z,35500.0,34400.0,1100.0,3.197674418604657,35650.0,34450.0,85639.0,2026-10-01T01:49:03Z,81934571.0,2908677270500.0,2908677270500.0,1.0,Yahoo Finance chart + yfinance shares cache,ok,
테이크투,Take-Two Interactive,게임사,미국,NASDAQ,NASDAQ:TTWO,TTWO,USD,2026-10-01T02:08:57Z,207.5,202.78,4.719999999999999,2.327645724430427,210.095,203.0,2444073.0,2026-09-30T20:00:00Z,185666663.0,38525832572.5,56247715555850.0,1460.0,Yahoo Finance chart + yfinance shares cache,ok,
엔씨소프트,NCSOFT,게임사,한국,KRX,KRX:036570,036570.KS,KRW,2026-10-01T02:08:57Z,233500.0,209000.0,24500.0,11.722488038277511,236500.0,223500.0,148325.0,2026-10-01T01:49:03Z,19472884.0,4546918414000.0,4546918414000.0,1.0,Yahoo Finance chart + yfinance shares cache,ok,
씨,SEA,게임사,싱가포르/미국,NYSE,NYSE:SE,SE,USD,2026-10-01T02:08:57Z,97.36,98.62,-1.2600000000000051,-1.277631312107086,99.18,97.0,2822825.0,2026-09-30T20:00:03Z,612484522.0,59631493061.92,87061979870403.2,1460.0,Yahoo Finance chart + yfinance shares cache,ok,
펄어비스,Pearl Abyss,게임사,한국,KOSDAQ,KOSDAQ:263750,263750.KQ,KRW,2026-10-01T02:08:57Z,33400.0,33100.0,300.0,0.9063444108761365,33550.0,32000.0,97965.0,2026-10-01T01:49:04Z,61442910.0,2052193194000.0,2052193194000.0,1.0,Yahoo Finance chart + yfinance shares cache,ok,
유비소프트,Ubisoft,게임사,프랑스,EPA,EPA:UBI,UBI.PA,EUR,2026-10-01T02:08:57Z,5.286,5.346,-0.0600000000000005,-1.122334455667795,5.45,5.218,512879.0,2026-09-30T15:35:10Z,135945254.0,718606612.6439999,1236003373747.68,1720.0,Yahoo Finance chart + yfinance shares cache,ok,
텐센트,Tencent,게임사,중국/홍콩,HKG,HKG:0700,0700.HK,HKD,2026-10-01T02:08:57Z,431.0,432.0,-1.0,-0.23148148148147696,432.2,424.4,22637603.0,2026-09-30T08:08:25Z,9016581024.0,3886146421344.0,738367820055360.0,190.0,Yahoo Finance chart + yfinance shares cache,ok,
넷이즈,Netease,게임사,중국/미국,NASDAQ,NASDAQ:NTES,NTES,USD,2026-10-01T02:08:57Z,121.16,121.82,-0.6599999999999966,-0.5417829584632994,122.82,121.07,866411.0,2026-09-30T20:00:00Z,640715469.0,77629086224.04,113338465887098.39,1460.0,Yahoo Finance chart + yfinance shares cache,ok,
엠브레이서 그룹,Embracer Group,게임사,스웨덴,STO,STO:EMBRAC-B,EMBRAC-B.ST,SEK,2026-10-01T02:08:57Z,86.0,85.2,0.7999999999999972,0.9389671361502261,86.64,83.94,597764.0,2026-09-30T15:29:41Z,222316921.0,19119255206.0,2867888280900.0,150.0,Yahoo Finance chart + yfinance shares cache,ok,
데브시스터즈,Devsisters,게임사,한국,KOSDAQ,KOSDAQ:194480,194480.KQ,KRW,2026-10-01T02:08:57Z,14080.0,13940.0,140.0,1.0043041606886627,14490.0,13880.0,19081.0,2026-10-01T01:48:18Z,10964774.0,154384017920.0,154384017920.0,1.0,Yahoo Finance chart + yfinance shares cache,ok,
네오위즈,Neowiz,게임사,한국,KOSDAQ,KOSDAQ:095660,095660.KQ,KRW,2026-10-01T02:08:57Z,18030.0,17730.0,300.0,1.6920473773265554,18030.0,17600.0,13232.0,2026-10-01T01:48:49Z,19573722.0,352914207660.0,352914207660.0,1.0,Yahoo Finance chart + yfinance shares cache,ok,
시프트업,Shift Up,게임사,한국,KRX,KRX:462870,462870.KS,KRW,2026-10-01T02:08:57Z,31000.0,30700.0,300.0,0.9771986970684043,31300.0,30700.0,7926.0,2026-10-01T01:49:06Z,58026385.0,1798817935000.0,1798817935000.0,1.0,Yahoo Finance chart + yfinance shares cache,ok,
